{
    "user1" : {
        "usuario" : "user1",
        "contrasena" : "1",
        "nombre" : "nombre1",
        "apellido" : "apellido1",
        "email" : "user1@mail.com",
        "fechaNac" : "11/11/1111",
        "imagen" : "images/logo.jpg",
        "direccion" : "calle1"
    },
    "user2" : {
        "usuario" : "user2",
        "contrasena" : "54321",
        "nombre" : "nombre2",
        "apellido" : "apellido2",
        "email" : "user2@mail.com",
        "fechaNac" : "22/22/2222",
        "imagen" : "images/img2.jpg",
        "direccion" : "calle2"
    }
}
